年月日,時刻,WBGT
2026/10/01,06:00,18.0
2026/10/01,09:00,21.0
2026/10/01,12:00,24.0
2026/10/01,15:00,27.0
2026/10/01,18:00,22.0
2026/10/01,21:00,20.0
2026/10/02,00:00,18.0
2026/10/02,03:00,18.0
2026/10/02,06:00,18.0
2026/10/02,09:00,19.0
2026/10/02,12:00,19.0
2026/10/02,15:00,22.0
2026/10/02,18:00,17.0
2026/10/02,21:00,16.0
2026/10/03,00:00,17.0
2026/10/03,03:00,17.0
2026/10/03,06:00,16.0
2026/10/03,09:00,17.0
2026/10/03,12:00,20.0
2026/10/03,15:00,20.0
2026/10/03,18:00,15.0
2026/10/03,21:00,15.0
2026/10/04,00:00,15.0
